Star,Count,Feedback
4,2,–ù–æ—Ä–º–∞–ª—å–Ω—ã–π –∫—Ä–µ–º
4,2,–•–æ—Ä–æ—à–∏–π –∫—Ä–µ–º
5,9,–û—Ç–ª–∏—á–Ω—ã–π –∫—Ä–µ–º.
5,54,–û—Ç–ª–∏—á–Ω—ã–π –∫—Ä–µ–º
5,21,–•–æ—Ä–æ—à–∏–π –∫—Ä–µ–º.
5,2,–ö–ª–∞—Å—Å–Ω—ã–π –∫—Ä–µ–º!
5,10,–†–µ–∫–æ–º–µ–Ω–¥—É—é
5,4,–°–æ–æ—Ç–≤–µ—Ç—Å—Ç–≤—É–µ—Ç –æ–ø–∏—Å–∞–Ω–∏—é.
5,2,"–û—Ç–ª–∏—á–Ω—ã–π –∫—Ä–µ–º, –∑–∞–∫–∞–∑—ã–≤–∞—é –Ω–µ –ø–µ—Ä–≤—ã–π —Ä–∞–∑"
5,2,–õ—é–±–∏–º—ã–π –∫—Ä–µ–º
5,21,–û—Ç–ª–∏—á–Ω—ã–π –∫—Ä–µ–º!
5,5,–í—Å—ë —Ö–æ—Ä–æ—à–æ
5,2,–ö—Ä–µ–º —Ö–æ—Ä–æ—à–∏–π 
5,16,–•–æ—Ä–æ—à–∏–π –∫—Ä–µ–º!
5,2,—Ö–æ—Ä–æ—à–∏–π –∫—Ä–µ–º
5,2,–í—Å—ë —Å—É–ø–µ—Ä.
5,15,–í—Å–µ —Ö–æ—Ä–æ—à–æ
5,3,üëçüëçüëçüëçüëçüëçüëç
5,13,–ö—Ä–µ–º —Ö–æ—Ä–æ—à–∏–π
5,82,–•–æ—Ä–æ—à–∏–π –∫—Ä–µ–º
5,2,"–û—Ç–ª–∏—á–Ω—ã–π –∫—Ä–µ–º, –ø—Ä–∏—è—Ç–Ω—ã–π –∑–∞–ø–∞—Ö"
5,17,–ö—Ä–µ–º –æ—Ç–ª–∏—á–Ω—ã–π
5,2,–ü–æ–Ω—Ä–∞–≤–∏–ª–æ—Å—å
5,3,–ü—Ä–∏—è—Ç–Ω–æ –ø–∞—Ö–Ω–µ—Ç
5,2,–ö—Ä–µ–º –æ—á–µ–Ω—å —Ö–æ—Ä–æ—à–∏–π
5,2,–ö—Ä–µ–º –ø–æ–Ω—Ä–∞–≤–∏–ª—Å—è 
5,5,–ö—Ä–µ–º –∫–ª–∞—Å—Å–Ω—ã–π
5,5,–û—Ç–ª–∏—á–Ω—ã–π –∫—Ä–µ–º 
5,2,–ö—Ä–µ–º —Å—É–ø–µ—Ä!!!
5,8,üëçüëçüëçüëçüëç
5,7,–ü–æ–Ω—Ä–∞–≤–∏–ª—Å—è
5,2,–û—Ç–ª–∏—á–Ω—ã–π –∫—Ä–µ–º! 
5,2,–í—Å—ë –æ—Ç–ª–∏—á–Ω–æ!
5,3,–ù–æ—Ä–º–∞–ª—å–Ω—ã–π –∫—Ä–µ–º
5,3,–ö—Ä–µ–º —Å—É–ø–µ—Ä.
5,3,–•–æ—Ä–æ—à–∏–π –∫—Ä–µ–º .
5,2,"–û—Ç–ª–∏—á–Ω—ã–π –∫—Ä–µ–º, –±—ã—Å—Ç—Ä–∞—è –¥–æ—Å—Ç–∞–≤–∫–∞."
5,6,–û—á–µ–Ω—å –ø–æ–Ω—Ä–∞–≤–∏–ª—Å—è
5,2,–∫—Ä–µ–º —Ö–æ—Ä–æ—à–∏–π
5,4,–ö—Ä–µ–º –æ—Ç–ª–∏—á–Ω—ã–π!
5,2,–ö—Ä–µ–º –æ—Ç–ª–∏—á–Ω—ã–π.
5,4,–ú–Ω–µ –Ω—Ä–∞–≤–∏—Ç—Å—è
5,12,–ö—Ä–µ–º —Å—É–ø–µ—Ä
5,11,–í—Å–µ –æ—Ç–ª–∏—á–Ω–æ
5,2,–ñ–µ–Ω–µ –ø–æ–Ω—Ä–∞–≤–∏–ª—Å—è.
5,10,–ö—Ä–µ–º –ø–æ–Ω—Ä–∞–≤–∏–ª—Å—è
5,2,"–•–æ—Ä–æ—à–∏–π –∫—Ä–µ–º, –ø—Ä–∏—è—Ç–Ω—ã—Ö –∑–∞–ø–∞—Ö"
5,11,–û—á–µ–Ω—å —Ö–æ—Ä–æ—à–∏–π –∫—Ä–µ–º
5,2,–°—É–ø–µ—Ä –∫—Ä–µ–º
5,2,–û—Ç–ª–∏—á–Ω—ã–π –∫—Ä–µ–º!!!
5,2,–ú–Ω–µ –ø–æ–Ω—Ä–∞–≤–∏–ª—Å—è
5,3,–ñ–µ–Ω–µ –ø–æ–Ω—Ä–∞–≤–∏–ª–æ—Å—å
5,2,–û—Ç–ª–∏—á–Ω—ã–π –∫—Ä–µ–ºüëç
5,2,–•–æ—Ä–æ—à–∏–π –∫—Ä–µ–º. –°–ø–∞—Å–∏–±–æ!
5,2,–ù–æ—Ä–º–∞–ª—å–Ω—ã–π
5,2,üëçüëçüëçüëçüëçüëçüëçüëçüëçüëç
5,2,–°–ø–∞—Å–∏–±–æ –≤—Å—ë –æ—Ç–ª–∏—á–Ω–æ
5,8,–ö–ª–∞—Å—Å–Ω—ã–π –∫—Ä–µ–º
5,2,–ï—â—ë –Ω–µ –ø—Ä–æ–±–æ–≤–∞–ª–∞
5,3,–í—Å–µ –æ—Ç–ª–∏—á–Ω–æ!
5,6,–ö—Ä–µ–º —Å—É–ø–µ—Ä!
5,2,–í—Å—ë —Ö–æ—Ä–æ—à–æ 
5,2,–ó–∞–º–µ—á–∞—Ç–µ–ª—å–Ω—ã–π –∫—Ä–µ–º
5,2,"–•–æ—Ä–æ—à–∏–π –∫—Ä–µ–º, —Ä–µ–∫–æ–º–µ–Ω–¥—É—é."
5,5,–í—Å—ë –æ—Ç–ª–∏—á–Ω–æ
5,2,–æ—Ç–ª–∏—á–Ω—ã–π –∫—Ä–µ–º
5,2,–ï—â–µ –Ω–µ –ø—Ä–æ–±–æ–≤–∞–ª–∞
5,2,–ö—Ä–µ–º –æ—á–µ–Ω—å —Ö–æ—Ä–æ—à–∏–π.
5,3,–•–æ—Ä–æ—à–∏–π –∫—Ä–µ–º. –ú–Ω–µ –ø–æ–Ω—Ä–∞–≤–∏–ª—Å—è.
5,5,–ö—Ä–µ–º —Ö–æ—Ä–æ—à–∏–π.
5,2,–•–æ—Ä–æ—à–∏–π —Ç–æ–≤–∞—Ä
5,3,–û—Ç–ª–∏—á–Ω—ã–π —Ç–æ–≤–∞—Ä
5,3,–í—Å—ë –æ—Ç–ª–∏—á–Ω–æ.
5,4,–û—á–µ–Ω—å —Ö–æ—Ä–æ—à–∏–π –∫—Ä–µ–º.
5,2,–í—Å—ë —Ö–æ—Ä–æ—à–æ.
5,3,–í—Å–µ —Ö–æ—Ä–æ—à–æ.
5,2,–í—Å—ë –æ—Ç–ª–∏—á–Ω–æ. –°–ø–∞—Å–∏–±–æ
5,3,–ú–æ–π –ª—é–±–∏–º—ã–π –∫—Ä–µ–º
5,2,"–ö—Ä–µ–º –ø–æ–Ω—Ä–∞–≤–∏–ª—Å—è, —Ö–æ—Ä–æ—à–æ —É–≤–ª–∞–∂–Ω—è–µ—Ç."
5,4,–°–æ–æ—Ç–≤–µ—Ç—Å—Ç–≤—É–µ—Ç –æ–ø–∏—Å–∞–Ω–∏—é
5,2,"–•–æ—Ä–æ—à–∏–π –∫—Ä–µ–º, —Ä–µ–∫–æ–º–µ–Ω–¥—É—é"
5,3,–ë—ã—Å—Ç—Ä–∞—è –¥–æ—Å—Ç–∞–≤–∫–∞
5,2,–ö—Ä–µ–º–æ–º –¥–æ–≤–æ–ª—å–Ω–∞.
5,2,–ü–æ–Ω—Ä–∞–≤–∏–ª—Å—è.
5,2,–ö–∞–∫ –≤—Å–µ–≥–¥–∞ –æ—Ç–ª–∏—á–Ω—ã–π –∫—Ä–µ–º
5,3,–•–æ—Ä–æ—à–∏–π –∫—Ä–µ–º. –†–µ–∫–æ–º–µ–Ω–¥—É—é.
5,2,–ó–∞–∫–∞–∑—ã–≤–∞—é –≤—Ç–æ—Ä–æ–π —Ä–∞–∑
5,2,"–ö—Ä–µ–º, –ø—Ä–æ—Å—Ç–æ —Å—É–ø–µ—Ä."
5,2,–í—Å–µ –æ—Ç–ª–∏—á–Ω–æ.
5,3,–û—á–µ–Ω—å –ø–æ–Ω—Ä–∞–≤–∏–ª—Å—è!
5,4,–û—á–µ–Ω—å —Ö–æ—Ä–æ—à–∏–π
5,2,"–ó–∞–∫–∞–∑—ã–≤–∞—é –Ω–µ –ø–µ—Ä–≤—ã–π —Ä–∞–∑, –º–Ω–µ –Ω—Ä–∞–≤–∏—Ç—Å—è"
5,2,–•–æ—Ä–æ—à–∏–π üëç
5,2,–ö—Ä–µ–º –ø–æ–Ω—Ä–∞–≤–∏–ª—Å—è.
5,2,"–ö—Ä–µ–º —Å—É–ø–µ—Ä, —Ä–µ–∫–æ–º–µ–Ω–¥—É—é"
5,2,–õ—é–±–∏–º—ã–π –∫—Ä–µ–º.
5,2,–ö–ª–∞—Å—Å–Ω—ã–π –∫—Ä–µ–º.
5,2,–†–µ–∫–æ–º–µ–Ω–¥—É—é!!!
5,2,–¢–æ–≤–∞—Ä–æ–º –¥–æ–≤–æ–ª—å–Ω–∞
5,2,–•–æ—Ä–æ—à–∏–π –∫—Ä–µ–º)
5,2,–≤—Å–µ —Ö–æ—Ä–æ—à–æ
5,3,–•–æ—Ä–æ—à–∏–π –∫—Ä–µ–º 
5,2,–Ø –¥–æ–≤–æ–ª—å–Ω–∞
5,2,–ö—Ä–µ–º –∑–∞–º–µ—á–∞—Ç–µ–ª—å–Ω—ã–π.
5,2,–ö—Ä–µ–º —Ö–æ—Ä–æ—à–∏–π. –°–ø–∞—Å–∏–±–æ
5,2,"–ö—Ä–µ–º –ø—Ä–∏—à–µ–ª —Ö–æ—Ä–æ—à–æ —É–ø–∞–∫–æ–≤–∞–Ω–Ω—ã–π, –±–µ—Ä—É –Ω–µ –≤ –ø–µ—Ä–≤—ã–π —Ä–∞–∑, –º–Ω–µ –ø–æ–¥—Ö–æ–¥–∏—Ç, –Ω—Ä–∞–≤–∏—Ç—Å—è"
5,2,–ö—Ä–µ–º —Å—É–ø–µ—Ä. –°–æ–≤–µ—Ç—É—é.
5,2,–û—á–µ–Ω—å —Ö–æ—Ä–æ—à–∏–π –∫—Ä–µ–º!
